scenario,step,G_gas,y_CO2,rl_capture,rl_energy,rl_L,rl_alpha,rl_T,rl_Tic,rl_flood,rl_reward,pid_capture,pid_energy,pid_L,pid_alpha,pid_T,pid_Tic,pid_flood
1,0,0.8,0.13,97.68695068359375,3.9655251502990723,5.040316777924697,0.26725286769866946,39.73799990490079,38.07045604288578,0.5041448783108775,1.019264148551598,95.12406921386719,3.7386186122894287,4.0,0.2881799194335938,43.219360733032225,38.0,0.4905025009354599
1,1,0.8,0.13,97.91095733642578,3.978200912475586,5.057227131393221,0.2619807056427002,39.31679832749069,38.188062163069844,0.5040532891801172,1.0285632389121748,89.60830688476562,3.6589887142181396,3.477839965820313,0.2968417016601563,43.598035621643064,38.0,0.48272369648558094
1,2,0.8,0.13,98.21781158447266,3.984684944152832,5.0235308038967625,0.2547340932559967,38.85052352678031,38.339379326906055,0.5030897255326486,1.0365469832541325,95.09490203857422,3.7174723148345947,3.975164286295573,0.2935632844238282,41.883194828033446,38.0,0.48881761487088893
1,3,0.8,0.13,98.49862670898438,3.98606538772583,4.941434030915484,0.24609012103652955,38.423015845473856,38.520429819007404,0.501376323258247,1.0439381190102859,80.48454284667969,3.631317138671875,3.3167761908637154,0.3051971088623047,43.75167489051819,38.0,0.48037023092693426
1,4,0.8,0.13,98.70464324951172,3.9830453395843506,4.826840165711234,0.23656506710510256,38.086463342187926,38.73186286477721,0.49923472376142713,1.0494713048933286,97.34764862060547,4.037999153137207,5.4758546391239875,0.2801576870898438,38.319762730598455,38.0,0.5099809471124243
1,5,0.8,0.13,98.9777603149414,3.9668514728546143,4.698203973277933,0.2265917336405182,37.86720734031405,38.97592743626592,0.4969981745827914,1.0572216551388207,94.36740112304688,3.7797231674194336,4.317236426082658,0.300126149671875,43.39063068628312,38.0,0.4956102407975938
1,6,0.8,0.13,98.99565124511719,3.9582087993621826,4.570103729635163,0.21727338691241457,37.773463632620405,39.25603434548793,0.4949048975033073,1.0579822260127634,89.55928039550781,3.6727402210235596,3.669808974403413,0.3058966625353516,43.762108975648886,38.0,0.4857481404717183
1,7,0.8,0.13,99.0184555053711,3.9496963024139404,4.452680954416384,0.20981870952993165,37.79500033691875,39.57318867449476,0.4930960407283186,1.0588854548723652,94.5392074584961,3.6943323612213135,3.9490169367116503,0.30191264252828126,42.346285429596904,38.0,0.4887838164440114
1,8,0.8,0.13,99.07219696044922,3.934522867202759,4.350311069243345,0.2038549676239453,37.90994160801347,39.92802316289033,0.49161790468260125,1.0608340660508702,76.63340759277344,3.620150327682495,3.2993446244744336,0.31078481678141406,43.9083994820714,38.0,0.48021275714457734
1,9,0.8,0.13,99.14602661132812,3.923661470413208,4.2619933501238245,0.19908397409915624,38.09128794349817,40.32029490240578,0.49042570939708274,1.0631677991849757,97.06558990478516,4.17535400390625,6.112633914281784,0.28462785342513125,36.9541997410357,38.0,0.5196497784220174
1,10,0.8,0.13,99.18413543701172,3.9099960327148438,4.184065228724124,0.195267179279325,38.31161342326595,40.748375181616574,0.4894334135391267,1.0646405128295147,94.13931274414062,3.8758773803710938,4.741755942854523,0.303702282740105,42.814140390232204,38.0,0.501922727331747
1,11,0.8,0.13,99.22502136230469,3.901264190673828,4.11001239867584,0.19221374342345998,38.548676714990506,41.20909878742786,0.488516639354323,1.0660170713959127,93.43074035644531,3.7170844078063965,4.016705296538432,0.3075495398151309,43.32130874339491,38.0,0.49071952765769117
1,12,0.8,0.13,99.29080200195312,3.8907103538513184,4.0337535897995105,0.189770994738768,38.78562685509223,41.69807327078351,0.48756466718029756,1.0681124726274633,82.49473571777344,3.6514248847961426,3.5106572297560903,0.3112453874673391,43.6367335495539,38.0,0.4831582029792307
1,13,0.8,0.13,99.3682861328125,3.874276876449585,3.9497748446202987,0.1878167957910144,39.01177440042147,42.21023491238481,0.4864829987282289,1.0707147782911488,96.50362396240234,3.969454050064087,5.122445497734529,0.2896113795539494,39.37132392809727,38.0,0.504976415370415
1,14,0.8,0.13,99.43340301513672,3.8557441234588623,3.854371394994306,0.18625343663281152,39.22172234495406,42.740120447910776,0.485211791772292,1.0730610291641884,93.3299789428711,3.733044147491455,4.081630331823019,0.30729780115292515,43.6373337551253,38.0,0.4920419871552245
1,15,1.25,0.13,99.06048583984375,3.7090940475463867,3.7464952022052125,0.18500274930624921,39.413344492713236,43.282059052763096,0.7558384567509173,1.0680621157743406,52.48423385620117,3.679788112640381,3.6495445294835753,0.3098967492231214,43.579637183959136,38.0,0.7581861623569224
1,16,1.25,0.13,98.95516967773438,3.7051055431365967,3.671067677452585,0.18400219944499938,39.59063862708689,43.832137615738596,0.7543001494382539,1.0652843140207542,76.59626770019531,3.6533539295196533,4.073581680813417,0.2839173993784971,36.78981859197957,38.0,0.7587714428635534
1,17,1.25,0.13,98.8818130493164,3.7038350105285645,3.653959882765625,0.1832017595559995,39.732781198235756,44.380518228753125,0.7541067789134642,1.063415657503272,96.44886016845703,3.6779022216796875,4.485645034416941,0.2633327613607078,35.18219214434794,38.0,0.7667208965848785
1,18,1.25,0.13,98.92237091064453,3.7016265392303467,3.6857203501857745,0.18256140764479958,39.825618032546046,44.92025465029755,0.7550089126949974,1.0646458566322243,65.69424438476562,3.6546404361724854,3.6570966896112944,0.279504966412785,40.33714156625356,38.0,0.7540015536190575
1,19,1.25,0.13,99.08718872070312,3.701603651046753,3.7478356656695357,0.18204912611583968,39.86389125380352,45.44698435819357,0.7565613841365543,1.0690161190273317,90.18871307373047,3.6386282444000244,4.137345610026832,0.259603973130228,35.16857078312678,38.0,0.7581896144820671
1,20,1.25,0.13,99.17735290527344,3.711115837097168,3.8245851122515035,0.18163930089267175,39.85127926179983,45.958828486548434,0.7583980074064877,1.071087773153079,80.1839599609375,3.6633167266845703,3.9794787790803885,0.2658583921272293,38.48742011904142,38.0,0.7591993933538101
1,21,1.25,0.13,99.2697982788086,3.720749855041504,3.9053353260408925,0.1813114407141374,39.79758158479739,46.45479512776924,0.7602795162822115,1.073218812318457,98.3927230834961,3.677031993865967,4.386503496540007,0.2486867137017834,34.548541564342486,38.0,0.7634841378156755
1,22,1.25,0.13,99.36559295654297,3.7291502952575684,3.9834762788779927,0.18104915257130993,39.71543191077615,46.93539121051127,0.7620642572756178,1.075481546374847,67.17748260498047,3.6572656631469727,3.5910023310266714,0.27101832237744233,40.577381095586766,38.0,0.7528690814404444
1,23,1.25,0.13,99.4713134765625,3.736497402191162,4.056361121152334,0.18083932205704795,39.61633106732023,47.40181420407812,0.7637032139873439,1.0780449187697942,91.8161392211914,3.637948989868164,4.087212553165073,0.25281465790195384,35.28869054779338,38.0,0.7572286653114908
1,24,1.25,0.13,99.5650405883789,3.7430477142333984,4.123905234677588,0.18067145764563836,39.50880059060282,47.85550743462235,0.7652051640576734,1.0803176788180593,73.759765625,3.6577582359313965,3.6917118009870014,0.26373946741043025,39.1278932475295,38.0,0.7532426050837392
1,25,1.25,0.13,99.63765716552734,3.7535669803619385,4.18681305937833,0.1805371661165107,39.397993828265996,48.29772249699824,0.766593597010013,1.0818980094937436,96.9710464477539,3.671574831008911,4.181701437459552,0.2469915739283442,34.56394662376475,38.0,0.7585110574609668
1,26,1.25,0.13,99.70039367675781,3.7649054527282715,4.245685308627727,0.18042973289320854,39.28569116401629,48.72329187274868,0.7678848334009489,1.0831890086201506,65.3263168334961,3.6472079753875732,3.4544676249730344,0.2688198643672847,40.462685630302786,38.0,0.7494961073463796
1,27,1.25,0.13,99.74164581298828,3.773287534713745,4.2999390136549485,0.18034378631456682,39.17153248915055,49.04246890456151,0.7690628448353539,1.0840072610841964,90.4423599243164,3.6432695388793945,3.998092948511593,0.2510558914938278,35.23134281515139,38.0,0.7550110226211876
1,28,1.25,0.13,99.76321411132812,3.779838800430298,4.349043675767025,0.18027502905165346,39.05534936290969,49.281851678421134,0.7701130828126223,1.0843629746984162,79.24679565429688,3.6605565547943115,3.8270320075852027,0.25977585028002315,38.65420061289796,38.0,0.7558335360487183
1,29,1.25,0.13,99.77117919921875,3.7857582569122314,4.39284229469408,0.18022002324132277,38.93706863833958,49.46138875881585,0.7710304332832381,1.0843777654609095,98.51258850097656,3.67887806892395,4.280614902533283,0.2438206802240185,34.32710030644898,38.0,0.7606072223570711
1,30,1.25,0.13,99.75554656982422,3.791456937789917,4.4314531230983425,0.1801760185930582,38.81649427159873,49.59604156911189,0.771816578504462,1.0837717564681693,66.8689193725586,3.6539933681488037,3.5204099350221885,0.2677880383198398,40.58789059206727,38.0,0.7512450218213758
1,31,1.25,0.13,99.74317169189453,3.796189785003662,4.464926619310001,0.18014081487444655,38.693246832337216,49.69703117683392,0.7724713707421823,1.0832846320568963,91.76339721679688,3.639763355255127,4.039430832170819,0.25023043065587186,35.293945296033634,38.0,0.7561098159268159
1,32,1.25,0.13,99.72904968261719,3.8001811504364014,4.493228346881813,0.18011265189955725,38.566898782847446,49.77277338262544,0.7729925854630202,1.082775737886707,73.84353637695312,3.657034397125244,3.6594170533970822,0.2616689300959866,39.13124751221359,38.0,0.7525009690037562
1,33,1.25,0.13,99.71307373046875,3.8034331798553467,4.516298625512286,0.1800901215196458,38.437035719453355,49.82958003696908,0.773377502704405,1.0822421927318704,97.10787200927734,3.6724841594696045,4.159775643032772,0.24533514407678925,34.565623756106795,38.0,0.7579992291849071
1,34,1.25,0.13,99.70169830322266,3.805971145629883,4.534076149194349,0.18007209721571663,38.30342725969804,49.87218502772681,0.7736237647046835,1.081854906112403,65.33577728271484,3.6469366550445557,3.4398504286885148,0.26778959353291576,40.515392253724784,38.0,0.7492387837922204
1,35,1.25,0.13,99.69644165039062,3.8074352741241455,4.546574266373389,0.1800576777725733,38.1660595868153,49.90413877079511,0.7737313577098099,1.0816662519782296,90.49349975585938,3.643705368041992,3.987148844153295,0.25023167482633263,35.25769612686239,38.0,0.7547956749145022
1,36,1.25,0.13,99.69538879394531,3.808320999145508,4.553885516230777,0.18004614221805865,38.02513758448872,49.92810407809633,0.7737027389010702,1.0816087351677695,79.0394058227539,3.660062789916992,3.810505184432275,0.25923542836204266,38.68840216346782,38.0,0.7554927511108561
1,37,1.25,0.13,99.69774627685547,3.808668851852417,4.556247646910956,0.18003691377444692,37.88099735408084,49.94607805857225,0.7735443662299963,1.0816599036910335,98.51324462890625,3.6789534091949463,4.268836841920964,0.24338834268963414,34.344201081733914,38.0,0.7603495975949338
1,38,1.25,0.13,99.70299530029297,3.8085174560546875,4.5539718071556825,0.18002953101955754,37.734053448731984,49.959558543929184,0.7732647910260352,1.0818046422331895,66.7832260131836,3.6536097526550293,3.5125578946139764,0.2675266989319807,40.61227407144557,38.0,0.7510972397587987
1,39,1.25,0.13,99.71177673339844,3.807919979095459,4.547421347138732,0.18002362481564604,37.584737351608915,49.96966890794689,0.7728740032420733,1.082058245890528,91.69253540039062,3.640131711959839,4.033675652513286,0.2500213591455846,35.306137035722784,38.0,0.7559912319129064
1,40,1.25,0.13,99.72373962402344,3.80692195892334,4.537008006605803,0.18001889985251684,37.43345068696769,49.977251680960165,0.7723832329898415,1.0824098768569728,74.15369415283203,3.6573729515075684,3.665951360708727,0.2613658818721317,39.113654112038645,38.0,0.7526342357684603
1,41,1.25,0.13,99.73851776123047,3.805572271347046,4.523175514933665,0.18001511988201346,37.28054117375926,49.982938760720124,0.7718044681958465,1.0828481792386684,97.23844146728516,3.672700881958008,4.164430007650174,0.24509270549770537,34.55682705601932,38.0,0.7581019870809361
1,42,1.25,0.13,99.75563049316406,3.803915500640869,4.5063821541002715,0.18001209590561076,37.12629918922641,49.987204070540095,0.7711499800279782,1.0833588974665103,65.38056945800781,3.647294521331787,3.4429533384334494,0.26778494625851584,40.543224090143454,38.0,0.7493519456247668
1,43,1.25,0.13,99.76958465576172,3.801790952682495,4.487082788587036,0.18000967672448862,36.970963016995086,49.99040305290507,0.7704318536942544,1.0838011778305088,90.51272583007812,3.6436398029327393,3.9886699824915164,0.25022795700681266,35.27161204507173,38.0,0.7548528853815613
1,44,1.25,0.13,99.78518676757812,3.7994492053985596,4.465685460006477,0.18000774137959089,36.81475106855149,49.99280228967881,0.769660931944753,1.0842946047407975,78.99144744873047,3.6601052284240723,3.8094234819800215,0.2592606798144345,38.70017179096848,38.0,0.7554837274857177
1,45,1.25,0.13,99.80206298828125,3.796935558319092,4.442619394658527,0.18000619310367272,36.65783300178704,49.9946017172591,0.7688484620455086,1.084827737799537,98.50968933105469,3.678903341293335,4.267887796315015,0.24340854385154762,34.35008589548424,38.0,0.7603349579236719
1,46,1.25,0.13,99.81912994384766,3.7942779064178467,4.4182844504455865,0.18000495448293818,36.500315140572475,49.99595128794432,0.7680047975389659,1.0853708023139788,66.7591323852539,3.6535563468933105,3.511925197543343,0.2675535104962772,40.61730235478558,38.0,0.7510892358081569
1,47,1.25,0.13,99.83731079101562,3.7913894653320312,4.393024656780239,0.18000396358635054,36.3422630334334,49.996963465958245,0.7671387726101958,1.0859512830655444,91.6661148071289,3.640195846557617,4.033159357446755,0.25004280839702175,35.30865117739279,38.0,0.7559822466989474
1,48,1.25,0.13,99.85598754882812,3.7884273529052734,4.3671260332366995,0.18000317086908044,36.18373107062958,49.99772259946869,0.7662577005592549,1.0865474947702618,74.2702865600586,3.657470941543579,3.6697358871422376,0.2613292693006252,39.10548945283213,38.0,0.7527128669694029
1,49,1.25,0.13,99.87496185302734,3.785421133041382,4.340837341773919,0.18000253669526434,36.02475815401565,49.998291949601516,0.7653678921278092,1.08715317313835,97.28433990478516,3.672744035720825,4.16710797191673,0.24506341544050017,34.552744726416066,38.0,0.758161333294724
1,50,1.25,0.13,99.89408111572266,3.7823925018310547,4.314356469886774,0.18000202935621146,35.86537472412532,49.99871896220114,0.7644743377396774,1.0877635326991681,65.39726257324219,3.647444248199463,3.4447386479444866,0.2678250334998611,40.551945330737325,38.0,0.7494061114061052
1,51,1.25,0.13,99.9132308959961,3.77935791015625,4.287832609292384,0.18000162348496918,35.70560368463668,49.999039221650854,0.7635807751690397,1.0883749772722808,90.51781463623047,3.64359712600708,3.9896952491777116,0.25026002679988885,35.27597266536866,38.0,0.75488364944174
1,52,1.25,0.13,99.93231964111328,3.7763288021087646,4.261374326986748,0.18000129878797533,35.54546098567681,49.99927941623814,0.7626899015359524,1.0889846856348528,78.98255157470703,3.660141944885254,3.8097135197968597,0.25929187153756733,38.70326286008911,38.0,0.7554948639030109
1,53,1.25,0.13,99.95130157470703,3.773314952850342,4.235058131072374,0.18000103903038026,35.384956343882465,49.9994595621786,0.7618035953656906,1.0895911109983454,98.50833892822266,3.678881883621216,4.268025214722959,0.24343349723005386,34.351631430044556,38.0,0.7603403447519448
1,54,1.25,0.13,99.97013092041016,3.7703213691711426,4.208935925987662,0.18000083122430421,35.224094170537185,49.99959467163395,0.7609231091189779,1.0901928648241688,66.75390625,3.653553009033203,3.5120168098153064,0.2675737905818947,40.618168391413874,38.0,0.7510924327982273
1,55,1.25,0.13,99.98116302490234,3.7678794860839844,4.183040216111343,0.18000066497944336,35.06287519047985,49.99969600372546,0.760049205351373,1.0905683964240824,91.659423828125,3.6402041912078857,4.033206647364266,0.25005903246551575,35.30908419570694,38.0,0.7559838472122828
1,56,1.25,0.13,99.984619140625,3.7657182216644287,4.157385076404082,0.1800005319835547,34.9012595423079,49.999772002794096,0.759182130554633,1.0907325895219215,74.3000717163086,3.6574978828430176,3.6708421919928442,0.2613282806599126,39.1032542560566,38.0,0.7527359699086805
1,57,1.25,0.13,99.9880599975586,3.7635746002197266,4.1319198496692495,0.18000042558684376,34.7392003987241,49.999829002095574,0.7583205436409283,1.090895790344444,97.29566955566406,3.672750949859619,4.167889367387259,0.24506262452793007,34.5516271280283,38.0,0.7581786732864397
1,58,1.25,0.13,99.99153137207031,3.761443853378296,4.106612443306586,0.180000340469475,34.57663281840624,49.99987175157168,0.7574635380987216,1.091059378636507,65.40151977539062,3.6474831104278564,3.445259578258173,0.26783967786941437,40.55396774644823,38.0,0.7494211340554979
1,59,1.25,0.13,99.9949951171875,3.759329080581665,4.081475726227655,0.18000027237558,34.4134751009819,49.99990381367876,0.7566112790238597,1.091222232789401,90.5189208984375,3.6435844898223877,3.99000513819404,0.2502717422955315,35.27698387322411,38.0,0.754892472565274
2,0,1.0,0.08,95.5829086303711,4.185416221618652,5.003925314793984,0.26702638578414917,39.695546347647905,38.07163047790527,0.6293735330705099,0.956625416808814,93.04914093017578,3.90767765045166,4.0,0.28287090454101566,42.279222679138186,38.0,0.6120706813015206
2,1,1.0,0.08,96.00486755371094,4.17996072769165,4.955865766025252,0.2613265150547028,39.187578139826655,38.18882433883846,0.6278082432322899,0.9721221794612939,92.3921127319336,3.865525245666504,3.8356653849283853,0.2876146618652344,42.30142431259155,38.0,0.608851290547383
2,2,1.0,0.08,96.46688842773438,4.150287628173828,4.838934389943327,0.2534921335983277,38.59396550338715,38.33622383372858,0.62474741299112,0.9852741420901381,91.4022445678711,3.837860584259033,3.7106468878851997,0.2919779508056641,42.35927538871765,38.0,0.6064659912160423
2,3,1.0,0.08,97.01343536376953,4.102512836456299,4.66112655405829,0.24410853718185427,38.00385126611218,38.50861240772065,0.6204937292480355,1.0011291977240762,91.25010681152344,3.841697931289673,3.7423334192346647,0.29431255473632817,42.13638970851898,38.0,0.6067958373939738
2,4,1.0,0.08,97.59709930419922,4.055509567260742,4.440910191616282,0.23369289878578187,37.47717386926524,38.70713258421165,0.6155283327484715,1.0179433672852407,90.83599090576172,3.8416898250579834,3.7308163244930315,0.2967719523583985,42.104640662670135,38.0,0.6065153819295868
2,5,1.0,0.08,98.057861328125,4.01133918762207,4.198427480562438,0.2229543190286255,37.04959609953221,38.93593481284188,0.6103170494188833,1.031488690431385,90.71065521240234,3.8500216007232666,3.7703665022987396,0.29830649010937504,41.986682552099225,38.0,0.6071261580011178
2,6,1.0,0.08,98.48845672607422,3.9712722301483154,3.949441531617714,0.2143634552229004,36.73674985504476,39.19935858511781,0.6051763984031274,1.0441552063646626,90.52047729492188,3.8556175231933594,3.78960560195567,0.29973210615,41.94729406535625,38.0,0.6074386882649452
2,7,1.0,0.08,98.7696762084961,3.9303743839263916,3.705672629140664,0.20749076417832032,36.53208671006723,39.50067844997238,0.6003266895249756,1.0529557186345007,90.45470428466797,3.861962080001831,3.819540585629952,0.3005423774248828,41.89170714467764,38.0,0.6079448781052181
2,8,1.0,0.08,98.8268814086914,3.889298915863037,3.472785498922301,0.20199261134265625,36.41402635425038,39.840247225093776,0.5958427828222389,1.0558579446503562,90.37939453125,3.865661144256592,3.8350260601790827,0.3011351195912735,41.87624736353755,38.0,0.6082210655675698
2,9,1.0,0.08,98.84253692626953,3.853055238723755,3.251174100968727,0.197594089074125,36.355056276916,40.215233183523964,0.5916900851020178,1.0574937860455986,90.34027862548828,3.8685617446899414,3.8481210111480344,0.3014850030216516,41.86417901776731,38.0,0.6084573490324744
2,10,1.0,0.08,98.95671081542969,3.826409339904785,3.0386365672671056,0.19407527125930002,36.32803924074324,40.6215619494177,0.5877882354111041,1.0614061713191851,90.30418395996094,3.8701202869415283,3.8540543984639237,0.30171680185579786,41.86613854300231,38.0,0.6085725005280918
2,11,1.0,0.08,99.05294036865234,3.795194387435913,2.8321202175135913,0.19126021700744,36.309342080121496,41.05484977734515,0.5840489537301736,1.0649943440620664,90.27953338623047,3.870931386947632,3.8566382248711313,0.30184569795436483,41.87172569697722,38.0,0.6086279440001389
2,12,1.0,0.08,99.10475158691406,3.7590982913970947,2.6270936095095676,0.189008173605952,36.282651679753144,41.50988732555828,0.5803695757521701,1.0675689981219902,90.25818634033203,3.8710410594940186,3.8556753815221603,0.30191395155196843,41.88195907804183,38.0,0.6086206403581809
2,13,1.0,0.08,99.18311309814453,3.7150461673736572,2.4203242846414117,0.1872065388847616,36.238975084468166,41.98093486599119,0.5766828567036701,1.0711133098338863,90.24153137207031,3.870696783065796,3.8526059143415963,0.30193572056774665,41.89382873640861,38.0,0.6085748495827411
2,14,1.0,0.08,99.34304809570312,3.7025272846221924,2.280216189760941,0.1857652311078093,36.17516927751126,42.46289716118568,0.5741748530349821,1.0757723632029195,90.22763061523438,3.8699846267700195,3.8477932352934863,0.30192836466220513,41.90719554953975,38.0,0.6084973116938679
2,15,1.0,0.16,63.06588363647461,3.6828441619873047,2.1868107931739607,0.18461218488624742,36.08964166768999,42.95163862000401,0.5724688623519109,0.3916349632477538,67.39847564697266,3.6616017818450928,3.841793797487324,0.3019013404114047,41.921296825673195,38.0,0.6083978510068264
2,16,1.0,0.16,61.41836166381836,3.680685520172119,2.1245405287826404,0.18368974790899795,36.04690925533504,43.37540123120319,0.5713537454382842,0.3706932396481836,97.99385070800781,3.9310386180877686,6.249487298824247,0.27752107232912376,35.9606484128366,38.0,0.6514017356086158
2,17,1.0,0.16,62.03877258300781,3.683072090148926,2.144540959681693,0.18295179832719835,36.06457866885975,43.743932707275235,0.5717236749607597,0.37840122648970387,89.02801513671875,3.705683469772339,4.8329915325494985,0.298016857863299,42.843201289243005,38.0,0.6293766272506132
2,18,1.0,0.16,66.9566421508789,3.6852049827575684,2.2814806561242365,0.1823614386617587,36.07086864844568,44.075386969868305,0.5741080771155916,0.4418385606174571,96.42266082763672,3.7576541900634766,5.268532390107869,0.28704011287755327,40.579037015471116,38.0,0.6358194799059036
2,19,1.0,0.16,76.28777313232422,3.6788320541381836,2.548142135843358,0.18188915092940694,35.98646051522646,44.3997742998406,0.578695573356619,0.5757740722384053,74.38494873046875,3.6704981327056885,4.179021593405246,0.29920340683036295,43.21351772190792,38.0,0.6165543340804968
2,20,1.0,0.16,91.12533569335938,3.6647849082946777,2.9272113943793516,0.18151132074352555,35.76534800367581,44.75288178252464,0.5852295113013057,0.8656163357454352,98.03083038330078,3.967283248901367,6.451934912374815,0.27536272546429036,36.60675886095396,38.0,0.6568378851844707
2,21,1.0,0.16,99.28107452392578,3.7270917892456055,3.364672167744778,0.18120905659482045,35.4526338965919,45.16395836027179,0.5928932385364493,1.0732639390340446,93.34695434570312,3.7197999954223633,4.967956608249877,0.2959013742190886,42.5494611641806,38.0,0.6318433245039483
2,22,1.0,0.16,99.31009674072266,3.7709760665893555,3.801366099812284,0.18096724527585636,35.13757755781096,45.64935592432852,0.6007490111874663,1.0724836180743045,87.01654815673828,3.683816432952881,4.59621067584497,0.29484497022488027,42.15826539501755,38.0,0.6237180862108864
2,23,1.0,0.16,99.39395904541016,3.7993907928466797,4.154631228312979,0.1807737962206851,34.942935902096984,46.194777231626475,0.6073346367450501,1.0733414242930304,96.77764129638672,3.778315305709839,5.3069875880144854,0.28201920432931826,39.790883300230945,38.0,0.6357042677242243
2,24,1.0,0.16,99.45008087158203,3.8139445781707764,4.397665445466923,0.18061903697654808,34.908513732456,46.78086546805707,0.6120718276155287,1.074645170376021,76.50379943847656,3.6678578853607178,4.204658392009657,0.29652399688630615,43.081264709197505,38.0,0.6169317264408207
2,25,1.0,0.16,99.36397552490234,3.8255183696746826,4.541533124172083,0.18049522958123845,35.0163700213732,47.385786962674615,0.6150669379801661,1.0721634621733394,98.10681915283203,3.9730405807495117,6.4707745122820635,0.27321919750904494,36.540632354598756,38.0,0.6572035520669087
2,26,1.0,0.16,99.32293701171875,3.834200859069824,4.612867106065744,0.18039618366499077,35.21793023758018,47.99108012275141,0.6167428574543441,1.0708416424359075,94.54118347167969,3.7243454456329346,4.980516341521376,0.2941916940668063,42.47356801598346,38.0,0.6320294212053235
2,27,1.0,0.16,99.3243637084961,3.8387198448181152,4.637177724600232,0.18031694693199263,35.45844120709416,48.49331009206356,0.6175252685356258,1.070734448332193,80.3394546508789,3.663999319076538,4.349158772358652,0.2970136854536403,42.70975516125101,38.0,0.6193699245809479
2,28,1.0,0.16,99.33090209960938,3.8388917446136475,4.6335579443874595,0.1802535575455941,35.692851665849815,48.86998256904767,0.6177379566678357,1.0708994761599266,98.05175018310547,3.9529480934143066,6.369564913994309,0.2736109483629123,37.28659583471486,38.0,0.6558802649653875
2,29,1.0,0.16,99.34042358398438,3.836578845977783,4.6145287310184795,0.1802028460364753,35.89318324646494,49.152486926785755,0.6175984590044323,1.0712285420984688,92.90638732910156,3.7204837799072266,4.913043275996206,0.2940336500477517,42.684844166747084,38.0,0.6308835160632174
2,30,1.0,0.16,99.359130859375,3.8342249393463135,4.587919552217044,0.18016227682918023,36.04825633262541,49.36436519508932,0.6172514803552975,1.0718051306843215,86.29978942871094,3.680283308029175,4.548855276852288,0.2941587224063654,42.27135446404981,38.0,0.6228988497580392
2,31,1.0,0.16,99.38477325439453,3.831712245941162,4.558860781517372,0.1801298214633442,36.159281235473586,49.523273896316994,0.6168023338077343,1.0725715584153426,96.80107116699219,3.779883861541748,5.309655043780432,0.28162364540556106,39.78802708554053,38.0,0.6357612975513645
2,32,1.0,0.16,99.40965270996094,3.829113483428955,4.530793692238957,0.18010385717067534,36.234672005896634,49.642455422237745,0.6163306507861482,1.0733201237289458,75.48609161376953,3.6705126762390137,4.206436695853622,0.29796121490843325,43.31989244902026,38.0,0.6172367396444602
2,33,1.0,0.16,99.4314956665039,3.8267579078674316,4.506172431801975,0.18008308573654028,36.28550440149996,49.73184156667831,0.6158990224529136,1.0739792493373534,98.06065368652344,3.9707672595977783,6.468186213855742,0.2743689719267466,36.65994622451013,38.0,0.6572887112459653
2,34,1.0,0.16,99.44872283935547,3.824885129928589,4.486761710408807,0.18006646858923223,36.32236151994513,49.79888117500873,0.6155553180071729,1.0744993093198112,93.5306625366211,3.7223849296569824,4.978790809237162,0.29549517754139726,42.71656006446454,38.0,0.6322784771141652
2,35,1.0,0.16,99.46040344238281,3.8236470222473145,4.473635938507637,0.18005317487138578,36.3536246006439,49.84916088125655,0.6153308074151781,1.074850873308587,83.4218521118164,3.669562339782715,4.4853725125545925,0.2966442407880006,42.52956127460287,38.0,0.6218999345562404
2,36,1.0,0.16,99.46624755859375,3.8231050968170166,4.467132081293278,0.1800425398971086,36.38492722655956,49.886870660942414,0.615238746465852,1.0750243206406715,97.69973754882812,3.847371816635132,5.821791971667254,0.2765266078403614,38.656099912203786,38.0,0.6454215860151007
2,37,1.0,0.16,99.46661376953125,3.823232412338257,4.46688222327379,0.18003403191768688,36.41936070115926,49.91515299570681,0.6152753849892088,1.075030027748003,83.91770935058594,3.6791467666625977,4.5478613144448365,0.29611169154572664,43.21672392918539,38.0,0.6239979901945523
2,38,1.0,0.16,99.46233367919922,3.8239352703094482,4.471952164552593,0.18002722553414952,36.45805025155501,49.93636474678011,0.6154234411472366,1.0748931175041363,97.73345184326172,3.8586719036102295,5.887428528884448,0.27607163167896415,38.95381942308879,38.0,0.6472476301456584
2,39,1.0,0.16,99.45452880859375,3.825075149536133,4.481053227563357,0.18002178042731962,36.50082347988539,49.95227356008508,0.6156570760617106,1.0746479526751522,84.39547729492188,3.6844632625579834,4.591619019256299,0.29627726078750727,43.42359531182515,38.0,0.6251368837594862
2,40,1.0,0.16,99.44451141357422,3.8264966011047363,4.492771922303342,0.1800174243418557,36.546807191704474,49.96420517006381,0.6159471175401434,1.0743345824927029,97.48085021972656,3.842452049255371,5.795517568420214,0.2779977088985605,39.34033597836131,38.0,0.6457033782089799
2,41,1.0,0.16,99.43343353271484,3.828052520751953,4.505770070273415,0.18001393947348454,36.59487958550317,49.97315387754786,0.6162655424447712,1.0739885472227761,82.12295532226562,3.6748242378234863,4.530345045613476,0.29787234314423905,43.58011176054296,38.0,0.6240620907807587
2,42,1.0,0.16,99.42231750488281,3.829617738723755,4.518925203184277,0.18001115157878764,36.643966317734936,49.97986540816089,0.6165886189640187,1.0736412033059188,97.92317962646484,3.9059462547302246,6.132925749810026,0.2746712937048444,38.565533861838865,38.0,0.6522085435028712
2,43,1.0,0.16,99.41189575195312,3.83109974861145,4.531403835357884,0.1800089212630301,36.69320228164982,49.98489905612067,0.6168985807524971,1.073315097655738,87.76820373535156,3.7045023441314697,4.7552838332066845,0.2957370349638755,43.53133012519433,38.0,0.6286302422148075
2,44,1.0,0.16,99.40263366699219,3.8324387073516846,4.542675114520994,0.1800071370104241,36.74199235686084,49.9886742920905,0.6171840047262195,1.0730245790945925,96.39330291748047,3.756263017654419,5.242926852346123,0.2863531655687567,40.90950566165722,38.0,0.635694891885398
2,45,1.0,0.16,99.3947525024414,3.8336076736450195,4.5524811935953675,0.18000570960833928,36.790006421809,49.991505719067874,0.617439244275902,1.0727764083123592,71.25259399414062,3.6778721809387207,4.1619512348974155,0.3027155799403569,43.914293960894526,38.0,0.6170124266602477
2,46,1.0,0.16,99.38829040527344,3.8346035480499268,4.56078314441988,0.18000456768667142,36.83713671067958,49.993629289300905,0.6176633179821849,1.0725716891183086,97.91227722167969,3.95880389213562,6.4293492474343354,0.2781724639522855,36.95714698044726,38.0,0.6567534603283768
2,47,1.0,0.16,99.38311004638672,3.8354392051696777,4.567697795330148,0.18000365414933714,36.883439802407494,49.99522196697568,0.6178585858859368,1.0724063379105038,90.63544464111328,3.7201151847839355,4.952899498289558,0.2985379711618284,43.20464427574609,38.0,0.6323056655573219
2,48,1.0,0.16,99.3790283203125,3.8361399173736572,4.573437195419379,0.1800029233194697,36.92907748223805,49.996416475231754,0.618029467096055,1.0722746468648183,95.49227142333984,3.723442316055298,4.972561355793299,0.2928102048103221,41.63187669567334,38.0,0.6308446307847182
2,49,1.0,0.16,99.37581634521484,3.836735248565674,4.578258415782854,0.18000233865557577,36.97426448316109,49.99731235642382,0.6181813669884145,1.0721695532337066,67.98185729980469,3.6730337142944336,3.981707570528866,0.30304928689513266,43.487178963681394,38.0,0.6129484150804367
2,50,1.0,0.16,99.37254333496094,3.8373122215270996,4.58242534231769,0.18000187092446063,37.019227385617704,49.99798426731786,0.6183198558834739,1.0720634513559963,97.92427825927734,3.9407193660736084,6.316465935863692,0.2784394295161061,36.7435894818407,38.0,0.653916994587783
2,51,1.0,0.16,99.36886596679688,3.8379111289978027,4.58618330856414,0.1800014967395685,37.06416920577358,49.998488200488396,0.6184501120524637,1.0719458873764989,89.3731918334961,3.7097625732421875,4.877643957242462,0.2987515436128849,42.949363748793886,38.0,0.6304245098530499
2,52,1.0,0.16,99.3653564453125,3.8384897708892822,4.5897389271209725,0.1800011973916548,37.10925384101083,49.9988661503663,0.6185764934547336,1.071833455838899,96.41638946533203,3.766374111175537,5.317734521299663,0.2867603962672611,40.56857149231686,38.0,0.6368535116874192
2,53,1.0,0.16,99.36187744140625,3.839064359664917,4.593254205640825,0.18000095791332382,37.154606041277745,49.99914961277472,0.6187024166330163,1.0717219718275166,76.46306610107422,3.667436361312866,4.2118230141997755,0.2972408640108792,42.98152543121703,38.0,0.6169492137970145
2,54,1.0,0.16,99.35831451416016,3.8396501541137695,4.596856101018967,0.18000076633065906,37.20030832838406,49.999362209581044,0.618830543964681,1.0716078896039005,98.09001159667969,3.973679780960083,6.47736900902462,0.27379269120870336,36.49076271560851,38.0,0.6572816112877352
2,55,1.0,0.16,99.3545913696289,3.840257167816162,4.600639636674048,0.18000061306452725,37.24640758609469,49.99952165718578,0.6189628533890937,1.0714888509985017,95.03559875488281,3.7330777645111084,4.98491267268308,0.29319922559879863,42.26614265693756,38.0,0.631876583255993
2,56,1.0,0.16,99.35064697265625,3.8408925533294678,4.604669920509736,0.1800004904516218,37.292922909343964,49.99964124288934,0.6191006877084971,1.07136299828997,80.51422882080078,3.6630070209503174,4.330935637582991,0.29597908873099205,42.638186837501976,38.0,0.6189291590398578
2,57,1.0,0.16,99.34645080566406,3.8415591716766357,4.608985430477845,0.18000039236129745,37.33985316100082,49.999730932167004,0.61924482922457,1.0712294267691347,98.08612060546875,3.959941864013672,6.403080932054025,0.27278327098479366,37.13348760667823,38.0,0.6564487134873705
2,58,1.0,0.16,99.34198760986328,3.8422610759735107,4.61360241467177,0.18000031388903795,37.38718386086877,49.99979819912525,0.6193955961573694,1.07108759700752,94.55127716064453,3.7262163162231445,4.935387288036017,0.2922178216218193,42.46400618584644,38.0,0.6310962477716076
2,59,1.0,0.16,99.33873748779297,3.8428564071655273,4.618520245539938,0.18000025111123036,37.434892474204574,49.99984864934394,0.6195529565177688,1.0709815117284118,80.26309204101562,3.663452386856079,4.315476748746017,0.29548752939218204,42.71337115780359,38.0,0.6187140216294562
3,0,0.8,0.08,95.29256439208984,4.354344844818115,4.993139306704204,0.26702887010574344,39.69444526359439,38.06982156075537,0.5033183933442548,0.9435233499173908,93.40331268310547,4.06212854385376,4.060304972330729,0.2820817932128907,42.13948421478271,38.0,0.49047747278598763
3,1,0.8,0.08,95.79511260986328,4.3326287269592285,4.9187770005729465,0.2613562110424042,39.19103332795203,38.182743405457586,0.5016362464880485,0.9615553919818622,92.75508117675781,4.000984191894531,3.8053726874457467,0.2878333850097657,42.3902979850769,38.0,0.4866931072562743
3,2,0.8,0.08,96.43648529052734,4.302942276000977,4.763258122183658,0.25357522848129277,38.61183060798794,38.325539352488704,0.4985755491223197,0.9793858280797082,91.98213958740234,3.952881336212158,3.633995864303024,0.2928925350341797,42.53267970085144,38.0,0.48415065383452416
3,3,0.8,0.08,97.13080596923828,4.2467145919799805,4.538362840995377,0.2442767920722962,38.04548676358536,38.494741316506406,0.4944522544841525,0.9993790643730569,91.50377655029297,3.938265085220337,3.5873177384741513,0.2964461203125,42.4617418050766,38.0,0.48334623829597156
3,4,0.8,0.08,97.77272033691406,4.18493127822876,4.263400814722105,0.23397223898811345,37.55127809592523,38.6927422598892,0.4896742448333426,1.0182274015660477,91.1657485961914,3.934096574783325,3.5800859101220905,0.2992429497167969,42.380046164989466,38.0,0.48314072770991406
3,5,0.8,0.08,98.24359893798828,4.120863914489746,3.9588265414305024,0.22317779119049075,37.162479691323824,38.923513032748815,0.4846247229918644,1.0327241589945335,90.95680236816406,3.9355885982513428,3.592342277076836,0.3011243463457031,42.30660251975059,38.0,0.48324662950518416
3,6,0.8,0.08,98.61729431152344,4.045316219329834,3.6410923944756384,0.2145422329523926,36.892135193629656,39.19060823805967,0.479567574756573,1.0450898072012311,90.82122802734375,3.9377644062042236,3.6049339138845573,0.3023467823744141,42.26471807658672,38.0,0.4833915348481702
3,7,0.8,0.08,98.81053161621094,3.974165916442871,3.3227842232813436,0.2076337863619141,36.73255878922646,39.49642086671918,0.47469188523932837,1.0525809790995515,90.72793579101562,3.9390833377838135,3.612534627078637,0.30313716100695315,42.24966784566641,38.0,0.4834881546754981
3,8,0.8,0.08,98.86466217041016,3.8976073265075684,3.012746970271402,0.20210702908953126,36.6599389140174,39.840298574582704,0.47010183243149584,1.056581355055218,90.6610107421875,3.9392659664154053,3.6140726147483884,0.30363710917665626,42.25372300669551,38.0,0.4835118955822651
3,9,0.8,0.08,98.98944091796875,3.8368241786956787,2.714139622393802,0.197685623271625,36.645905455698085,40.2195638866469,0.46580715126758376,1.0619204174923806,90.61100006103516,3.938386917114258,3.609922158611556,0.30394053450929376,42.270701148733494,38.0,0.48346207216412956
3,10,0.8,0.08,99.03998565673828,3.7994203567504883,2.476093081595868,0.1941484986173,36.6614276292421,40.630420482810194,0.46246267997305646,1.0645087211579483,90.57222747802734,3.9365170001983643,3.6010394651974176,0.3041100234326303,42.29600559603423,38.0,0.4833486435787383
3,11,0.8,0.08,99.07254028320312,3.7764663696289062,2.3173953877305786,0.19131879889384,36.68262193355076,41.06749814220209,0.46027201931648987,1.0661376867414594,90.54765319824219,3.934688091278076,3.5923550658282264,0.30418807367774486,42.316763097699734,38.0,0.48323473684976004
3,12,0.8,0.08,99.11570739746094,3.7596023082733154,2.211596925153719,0.189055039115072,36.69467201178577,41.52521121757432,0.4588235508723261,1.0678411695858485,90.5403060913086,3.9340474605560303,3.5893687601126976,0.3042168743474693,42.32083443733863,38.0,0.48319273165133014
3,13,0.8,0.08,99.1368408203125,3.745706081390381,2.141064616769146,0.18724403129205758,36.69045644906191,41.998099460320205,0.45785403992106033,1.068862608803733,90.5364761352539,3.9337024688720703,3.587783264798439,0.3042350503812958,42.32195801304188,38.0,0.4831694531902951
3,14,0.8,0.08,99.13343811035156,3.7387239933013916,2.0940430778460972,0.18579522503364607,36.66819539899393,42.4809351212282,0.45719437779932826,1.069005786086194,90.53492736816406,3.9335546493530273,3.587119690366928,0.304244870139021,42.32163460039301,38.0,0.48315896174093975
3,15,1.25,0.16,45.909889221191406,3.620053768157959,2.0626953852307315,0.18463618002691684,36.62857366516448,42.968936641439726,0.7136486214054774,0.20676797533418093,47.02779769897461,3.6390275955200195,3.586807770059072,0.30425116039344335,42.32117935311399,38.0,0.7549277158415543
3,16,1.25,0.16,45.70499801635742,3.621065855026245,2.0480044703272657,0.18370894402153348,36.62269681587446,43.394739275369744,0.713333765647443,0.20373580649807654,67.16877746582031,3.635749340057373,4.0554884079178946,0.27940092831475466,36.160589676556995,38.0,0.7574527762488036
3,17,1.25,0.16,48.64407730102539,3.6268179416656494,2.1465957621294707,0.18296715521722678,36.63510810298661,43.767369197825865,0.7154813869950354,0.23154862159117426,87.02184295654297,3.6303279399871826,4.485312645483647,0.25952074265180375,33.0802948382785,38.0,0.7635852534546779
3,18,1.25,0.16,56.0444221496582,3.644487142562866,2.400117379314929,0.18237372417378142,36.56439580579196,44.10181705711057,0.7209085392602362,0.3087709459365787,90.7391357421875,3.643613815307617,4.792193853092614,0.2587927690482008,36.13568021790634,38.0,0.7759212019987588
3,19,1.25,0.16,66.71063995361328,3.683577060699463,2.8020719082900087,0.18189897933902513,36.327779880244755,44.424028340226194,0.7295063296198097,0.43868886686207065,93.9046859741211,3.6633453369140625,4.973645335461394,0.25799940383719344,37.60533457764214,38.0,0.782829097867304
3,20,1.25,0.16,81.80103302001953,3.691572666168213,3.310046690073159,0.1815191834712201,35.92185043053911,44.76365295946284,0.7405218299875127,0.6627023886192183,82.84931182861328,3.6812822818756104,4.663410651700826,0.2637707694076454,39.44368043426785,38.0,0.777623463256155
3,21,1.25,0.16,97.0264892578125,3.7069778442382812,3.865463696745731,0.18121534677697607,35.421679121322114,45.14724361356112,0.7528832056581624,1.014635489634642,96.58563232421875,3.6667983531951904,4.82328888239712,0.2470166155261163,35.74748070480482,38.0,0.776260110741936
3,22,1.25,0.16,99.30933380126953,3.7566587924957275,4.357548924261472,0.18097227742158084,34.926492983415315,45.5997935148404,0.7641206413718008,1.0729444854931343,66.38465118408203,3.6588940620422363,3.8821925882647466,0.26427908526757277,40.208935703049384,38.0,0.7593906505797633
3,23,1.25,0.16,99.48651123046875,3.7790322303771973,4.6953781948931095,0.18077782193726466,34.568268562171404,46.11623240633502,0.772012798609315,1.0766478203121574,85.28649139404297,3.650862216949463,4.287506915492118,0.24742326821405822,35.10446785152469,38.0,0.7618978784035771
3,24,1.25,0.16,99.55571746826172,3.788590431213379,4.927669666376677,0.18062225754981173,34.40537091506076,46.68048917128663,0.7776678311434777,1.0782667824138326,92.6103515625,3.6499741077423096,4.655799182155288,0.2459577368856997,36.55581935972231,38.0,0.7732624200240586
3,25,1.25,0.16,99.61070251464844,3.7944226264953613,5.085737267583826,0.18049780603984938,34.425733874893695,47.27103806472585,0.7817686661597546,1.079723694120433,85.01553344726562,3.6756114959716797,4.526150209571624,0.25291643670094255,38.74082223937043,38.0,0.7732216045415758
3,26,1.25,0.16,99.5667953491211,3.8008992671966553,5.190691712706308,0.1803982448318795,34.574397722430035,47.86832368792419,0.7847261624701262,1.0784190651192,97.06250762939453,3.681124448776245,4.743893225616242,0.2393200756302853,36.30545979522232,38.0,0.7751883780811004
3,27,1.25,0.16,99.53063201904297,3.8076608180999756,5.257696285676263,0.18031859586550358,34.78242108560329,48.40124276594314,0.78680226772819,1.0772462028215,67.16790771484375,3.659149169921875,3.829262150410828,0.25839986543586885,40.528130631558916,38.0,0.7586443991236627
3,28,1.25,0.16,99.49945068359375,3.811849355697632,5.298227928837901,0.18025487669240287,34.98875042637425,48.80093207445735,0.7881889949016665,1.0762745625725403,86.06709289550781,3.6570873260498047,4.245013205710006,0.24271989234869507,35.26406531577946,38.0,0.7611490259588676
3,29,1.25,0.16,99.48433685302734,3.814133405685425,5.3211486294927,0.18020390135392228,35.15249375593656,49.10069905584301,0.7890488666322157,1.0757939698536707,92.62383270263672,3.6553642749786377,4.623552221485215,0.24344293658403418,36.869599415091876,38.0,0.7729556739823992
3,30,1.25,0.16,99.478271484375,3.815195322036743,5.33317603489016,0.1801631210831378,35.25492359821123,49.32552429188226,0.7895266893116134,1.0755988431488475,85.98670959472656,3.675729990005493,4.528155806348217,0.25062471059535235,38.84489663900345,38.0,0.7734560921015398
3,31,1.25,0.16,99.47858428955078,3.8156981468200684,5.339158412320426,0.18013049686651025,35.2953559320066,49.494143218911695,0.7897481850415307,1.0755939469039673,96.7961196899414,3.6810147762298584,4.742814605801428,0.23942365458468032,36.72067696482643,38.0,0.7757927078266719
3,32,1.25,0.16,99.48269653320312,3.8159940242767334,5.342340489776601,0.1801043974932082,35.28445839982572,49.62060741418377,0.7898153524721807,1.0756963700314577,67.4520263671875,3.6599152088165283,3.8285430705342853,0.257454927085713,40.54968613103382,38.0,0.7586691088763383
3,33,1.25,0.16,99.48836517333984,3.816187858581543,5.3446735677837465,0.18008351799456657,35.23774486318277,49.71545556063783,0.7898039171200699,1.0758420035128449,86.31267547607422,3.6575727462768555,4.243960175553898,0.24196394166857038,35.27484306551691,38.0,0.7611479878415701
3,34,1.25,0.16,99.49454498291016,3.8164124488830566,5.347151013928711,0.18006681439565325,35.170754123497986,49.78659167047837,0.7897644333593494,1.075999038371131,92.63573455810547,3.6563198566436768,4.622515469416785,0.24321569374012975,36.945772858747226,38.0,0.7730477386681913
3,35,1.25,0.16,99.50045776367188,3.8167176246643066,5.3501272039828995,0.1800534515165226,35.09622806171898,49.83994375285878,0.7897262281817435,1.0761458772554031,86.18624114990234,3.6758005619049072,4.5334290446339764,0.25037324774112724,38.869622955862866,38.0,0.7736290219960809
3,36,1.25,0.16,99.50566101074219,3.8171024322509766,5.353585903404502,0.18004276121321808,35.0229977744213,49.87995781464409,0.7897027289183779,1.0762712755364345,96.75341033935547,3.681027412414551,4.745802944009483,0.2396167866694643,36.8069718172869,38.0,0.7759977772475818
3,37,1.25,0.16,99.5100326538086,3.817539691925049,5.357341220618117,0.18003420897057446,34.95605186431439,49.909968360983065,0.7896968684314505,1.0763730019304565,67.70891571044922,3.66131329536438,3.8427734043233794,0.2574271176900636,40.55971721662685,38.0,0.7590278172632849
3,38,1.25,0.16,99.51355743408203,3.8179996013641357,5.361170252687946,0.18002736717645956,34.89726119378001,49.9324762707373,0.7897057152495582,1.0764515481040524,86.53060913085938,3.65748929977417,4.253245623736451,0.24194169415205088,35.279858608313425,38.0,0.7613830874488874
3,39,1.25,0.16,99.51640319824219,3.8184540271759033,5.364887197961975,0.18002189374116764,34.84634237914056,49.94935720305297,0.7897239348577142,1.076512196140118,92.60365295410156,3.6568312644958496,4.628602780066475,0.24353100729917979,37.010739049945286,38.0,0.7732958804651451
3,40,1.25,0.16,99.51873779296875,3.8188858032226562,5.3683737008070205,0.1800175149929341,34.801784216382956,49.96201790228973,0.7897460412447198,1.0765599273389457,86.51470947265625,3.6760458946228027,4.5507402729740045,0.25046132927684384,38.87212634565135,38.0,0.7740675993592484
3,41,1.25,0.16,99.52076721191406,3.8192851543426514,5.371580732720271,0.1800140119943473,34.76159030941941,49.971513426717294,0.7897676118987592,1.0766005528479328,96.67999267578125,3.6811423301696777,4.757308488744424,0.24035702118514696,36.93380525351415,38.0,0.7764745266637471
3,42,1.25,0.16,99.52263641357422,3.819650411605835,5.374515127087133,0.18001120959547784,34.72379081834886,49.97863507003797,0.7897857369771789,1.0766380186470865,68.18746185302734,3.6641464233398438,3.875097342105658,0.2577117155809301,40.56729630351489,38.0,0.7598176640225496
3,43,1.25,0.16,99.52446746826172,3.8199877738952637,5.377220453194732,0.18000896767638228,34.6867375934908,49.983976302528475,0.7897989793287741,1.0766753966244718,86.93740844726562,3.657090425491333,4.27469131226768,0.24216937246474407,35.28364815175745,38.0,0.761911763948464
3,44,1.25,0.16,99.52632141113281,3.820302963256836,5.37975840891646,0.1800071741411058,34.64922815432966,49.98798222689636,0.789807079156611,1.0767141365286317,92.50599670410156,3.6575920581817627,4.64286125013366,0.24433533012511557,37.129292604626286,38.0,0.7738257294037679
3,45,1.25,0.16,99.52828216552734,3.820604085922241,5.3821939528014875,0.18000573931288466,34.610512665762606,49.99098667017227,0.7898105732116538,1.076756201593192,87.27949523925781,3.6761059761047363,4.592035063565669,0.25070769281102995,38.859389268011384,38.0,0.7750870702830277
3,46,1.25,0.16,99.53031921386719,3.82089900970459,5.384585249752737,0.18000459145030773,34.57023280873477,49.9932400026292,0.7898104337530424,1.076800513973682,96.51223754882812,3.6814191341400146,4.785128514118124,0.24212274604569897,37.22155559591975,38.0,0.7776002370628743
3,47,1.25,0.16,99.53243255615234,3.821192979812622,5.38697817707954,0.18000367316024618,34.528330779706835,49.9949300019719,0.7898077807758203,1.0768468917984009,69.26361083984375,3.6693153381347656,3.9504511749394267,0.25841576885804357,40.582516613267494,38.0,0.7616612203332848
3,48,1.25,0.16,99.53463745117188,3.821491003036499,5.389404463823978,0.18000293852819693,34.48495399257064,49.996197501478925,0.7898036832950065,1.0768955682237262,87.8585205078125,3.6558291912078857,4.324740220709076,0.24273261508643484,35.29125830663375,38.0,0.7631461761251971
3,49,1.25,0.16,99.53689575195312,3.8217954635620117,5.391882338249672,0.18000235082255756,34.440369911277145,49.997148126109195,0.7897990426948144,1.076945447136311,90.85454559326172,3.6636126041412354,4.615527090498759,0.24619768874883538,37.39780353075828,38.0,0.7735212515309301
3,50,1.25,0.16,99.5391845703125,3.8221073150634766,5.394418647185413,0.18000188065804604,34.39489833673902,49.99786109458189,0.78979454230965,1.0769958875593222,94.64974975585938,3.670078992843628,4.828898464048213,0.24786565221977142,38.222694604429435,38.0,0.7801779777150631
3,51,1.25,0.16,99.5414810180664,3.8224258422851562,5.3970116110695265,0.18000150452643682,34.348862348769195,49.99839582093642,0.7897906430605306,1.077046305473504,80.14237213134766,3.682903528213501,4.429372962848548,0.25745192118987964,40.06612730862341,38.0,0.7727323406513761
3,52,1.25,0.16,99.54379272460938,3.8227505683898926,5.399653633332204,0.18000120362114946,34.30255617512965,49.99879686570232,0.7897876070959554,1.077096920395775,95.43315887451172,3.6507256031036377,4.654014626110809,0.2419615369519037,35.033063654311704,38.0,0.7709518549309419
3,53,1.25,0.16,99.54606628417969,3.8230810165405273,5.402333810615761,0.18000096289691958,34.25622676748139,49.999097649276735,0.7897855350581479,1.0771463298511506,67.56265258789062,3.6554453372955322,3.8265658318766067,0.25855186200781205,39.56494643897226,38.0,0.7571687930693111
3,54,1.25,0.16,99.54833984375,3.8234152793884277,5.405039971965353,0.18000077031753567,34.21006610974348,49.99932323695755,0.7897844077764244,1.0771956118744277,87.0078353881836,3.6516849994659424,4.262174904020061,0.24284148960624963,34.78247321948613,38.0,0.7608481655594301
3,55,1.25,0.16,99.55058288574219,3.823751926422119,5.407760191174305,0.18000061625402852,34.16421105332512,49.99949242771817,0.7897841258867658,1.077244003604519,92.3144760131836,3.6554391384124756,4.6445640594639155,0.24526380142621065,36.95197593622011,38.0,0.7735886123444311
3,56,1.25,0.16,99.55279541015625,3.8240878582000732,5.410483798679594,0.18000049300322282,34.118748058992566,49.999619320788625,0.7897845439626344,1.0772916086120303,88.11422729492188,3.6753950119018555,4.63126836345446,0.2509626494173357,38.68405261959931,38.0,0.775810654588233
3,57,1.25,0.16,99.55497741699219,3.8244245052337646,5.413201962383256,0.18000039440257826,34.07372103000951,49.99971449059147,0.7897854981382403,1.0773383793505535,96.207763671875,3.6793882846832275,4.814779128814313,0.24424426504168106,37.482711009811865,38.0,0.7787299038416721
3,58,1.25,0.16,99.55712127685547,3.8247592449188232,5.4159079197511355,0.1800003155220626,34.02913989696166,49.9997858679436,0.7897868257192374,1.077384200543155,70.72310638427734,3.6756460666656494,4.046303710794828,0.2592198352511183,40.54252318373894,38.0,0.7639325484050924
3,59,1.25,0.16,99.55925750732422,3.825092315673828,5.418596962370733,0.18000025241765008,33.98498966457079,49.9998394009577,0.789788378995577,1.0774298753406013,89.16806030273438,3.650864601135254,4.389555274175164,0.24337586820089463,35.271261591869475,38.0,0.7647068244674181
